<?xml version="1.0" encoding="UTF-8"?>
<!--
 ~ Copyright (c) 2015 WSO2 Inc. (http://www.wso2.org) All Rights Reserved.
 ~
 ~ Licensed under the Apache License, Version 2.0 (the "License");
 ~ you may not use this file except in compliance with the License.
 ~ You may obtain a copy of the License at
 ~
 ~      http://www.apache.org/licenses/LICENSE-2.0
 ~
 ~ Unless required by applicable law or agreed to in writing, software
 ~ distributed under the License is distributed on an "AS IS" BASIS,
 ~ WITHOUT WARRANTIES OR CONDITIONS OF ANY KIND, either express or implied.
 ~ See the License for the specific language governing permissions and
 ~ limitations under the License.
-->
<hic:HTDeploymentConfig xmlns:hic="http://wso2.org/ht/schema/deployment/config"
	xmlns:tns="http://www.wso2.org/samples/OrderProcessingApprovalTask/">
	<hic:task name="tns:ApproveOrder">
		<hic:publish>
			<hic:service name="tns:OrderProcessingApprovalTask" port="OrderProcessingApprovalTaskSOAP" />
		</hic:publish>
		<hic:callback>
			<hic:service name="tns:OrderProcessingApprovalTaskCallback" port="OrderProcessingApprovalTaskCallbackSOAP" />
		</hic:callback>
	</hic:task>
	<hic:notification name="tns:OrderApprovalNotification">
		<hic:publish>
			<hic:service name="tns:OrderProcessingNotifications" port="OrderProcessingNotificationsSOAP" />
		</hic:publish>
	</hic:notification>
</hic:HTDeploymentConfig>
